True Values,Predictions,,mre,,AVE MRE,RMSE
16,16.74199613,,4.637475813,,5.884248762,0.246088477
24,21.71306773,,9.528884458,,,
24,21.85439447,,8.940023042,,,
30,32.82282629,,9.409420967,,,
32,32.9433989,,2.948121562,,,
20,20.70318351,,3.51591755,,,
14,14.6685892,,4.775637143,,,
12,12.55979885,,4.664990417,,,
32,34.950812,,9.2212875,,,
28,28.50187245,,1.792401607,,,
22,20.83563321,,5.292576318,,,
