True Values,Predictions,mre,,AVE MRE,RMSE
16,18.44236812,15.26480075,,6.968634735,0.239317211
22,22.62868771,2.857671409,,,
20,21.04823744,5.2411872,,,
34,34.71379985,2.099411324,,,
18,18.98407188,5.467066,,,
30,33.3299153,11.09971767,,,
20,21.93649656,9.6824828,,,
32,33.6673113,5.210347813,,,
22,22.28846607,1.311209409,,,
14,15.05824653,7.558903786,,,
26,23.17583218,10.86218392,,,
