Feature,Mean Absolute SHAP Value
Temperature,173.8062464144299
Atmosphere,41.480485704464435
Alkali lignin,36.3285421345257
Microcrystalline cellulose,16.570398166991875
Xylan,16.307275894214392
