Feature,Mean Absolute SHAP Value
Temperature,3.404996363636387
Alkali lignin,1.8471746556472661
Microcrystalline cellulose,1.6703306887052412
Atmosphere,1.3934836363635046
Xylan,0.5719031404958773
